Title,Author,Price
The Secret Speech (Leo...,by Tom Rob Smith,Rs. 272
Red 1-2-3,by John Katzenbach,Rs. 225
House of Wolves,by James Patterson,Rs. 271
The Way of All Flesh (...,by Ambrose Parry,Rs. 187
Full House,"by Steffie Hall, Cha...",Rs. 212
A Thief of Time (Navaj...,by Tony Hillerman,Rs. 172
Act of War (Jason Rich...,by Dale Brown,Rs. 181
The Tesseract,by Alex Garland,Rs. 199
Her Name Was Rose,by Claire Allan,Rs. 229
Stop at Nothing,by Tammy Cohen,Rs. 277
ALL THE MONEY IN THE W...,by John Pearson,Rs. 199
The Pact,by Jodi Picoult,Rs. 329
THE MAN BETWEEN,by CUMMING  CHARLES,Rs. 212
Talking to the Dead (F...,by Harry Bingham,Rs. 228
The Escape Artist,by Diane Chamberlain,Rs. 181
The Thieves of Ostia (...,by Caroline Lawrence,Rs. 225
Bombay Ice,by Leslie Forbes,Rs. 321
Catch Your Death (Ruby...,by Lauren Child,Rs. 255
An Englishman in Madrid,by Eduardo Mendoza,Rs. 199
Before I Let You In,by Jenny Blackhurst,Rs. 221
A Killer in Winter (Ma...,by Susanna Gregory,Rs. 199
The Jurror,by George Dawes Green,Rs. 216
Seize The Night (Moonl...,by Dean Koontz,Rs. 245
Decipher,by Stel Pavlou,Rs. 219
Mystique,by Amanda Quick,Rs. 199
Five Go Down to the Se...,by Enid Blyton,Rs. 231
"Cry Wolf (Doucet, #3)",by Tami Hoag,Rs. 184
Black Dog (Ben Cooper ...,by Stephen Booth,Rs. 199
The Company,by Robert Littell,Rs. 222
Dissolution (Matthew S...,by C.J. Sansom,Rs. 225
Silence of the Grave,by Arnaldur Indri√∞as...,Rs. 199
Firefight,by Chris Ryan,Rs. 175
Mexico Set (Bernard Sa...,by Len Deighton,Rs. 182
Lieutenant Hornblower,by C.S. Forester,Rs. 199
Mrs. Jeffries Question...,by Emily Brightwell,Rs. 185
London Match (Bernard ...,by Len Deighton,Rs. 199
The Godfather,by Mario Puzo,Rs. 225
Wilde Lake,by Laura Lippman,Rs. 225
Darkside,by Belinda Bauer,Rs. 229
